BLUE ICE 250ML,145,170,132
CRAZY COCK 750ML,750,880,17
TRIPLE ACE 250ML,186,220,250
GILBEYS 250ML,394,470,64
GILBEYS 350ML,552,650,92
GILBEYS 750ML,1143,1350,18
CHROME VODKA 750ML,515,650,11
IMPERIAL BLUE 250ML,292,320,18
IMPERIAL BLUE 750ML,831,950,2
CAPTAIN MORGAN 250ML,291,370,99
CAPTAIN MORGAN 750ML,785,950,64
KIBAO VODKA 250ML,197,230,553
KIBAO VODKA 350ML,307,360,57
KIBAO VODKA 750ML,569,680,39
RICHOT BRANDY 250ML,394,470,21
RICHOT BRANDY 350ML,552,650,31
RICHOT BRANDY 750ML,1143,1380,8
WHITE HOUSE 700 MLS,630,900,0
PASSPORT SCOTCH 750ML,0,1000,0
BLACK & WHITE 375ML,496,680,19
BLACK & WHITE 750ML,936,1270,6
ALL SEASONS 375ML,450,520,9
ALL SEASONS 750ML,869.5,1050,45
HUNTERS CHOICE 250ML,278,340,102
HUNTERS CHOICE 350ML,417,480,24
HUNTERS CHOICE 750ML,800,1000,61
VICEROY 250ML,390,450,79
VICEROY 375ML,580,650,35
TUSKER LAGER CAN,186.5,220,175
KONYAGI 250ML,240,270,86
KONYAGI 500ML,443.75,520,34
KONYAGI 750ML,658.33,780,33
RESERVE 7 750ML,630,800,2
JACK DANIELS HONEY 350ML,0,1600,0
JACK DANIELS 375ML,1558,1600,0
JACK DANIELS 750ML,2972,3500,13
BALLANTINES 750ML,1600,1800,3
GORDONS 750ML,1792,2100,5
GORDON 1L,2104,2500,3
BOMBAY SAPHIRE 750ML,0,2300,0
BOMBAY SAPHIRE 1 LITER,1950,2500,0
BLACK LABEL 750ML,2705,3200,9
RED LABEL 750ML,1385,1800,16
RED LABEL 1L,1691,2200,2
FAMOUS GROUSE 750ML,1505,1700,4
FAMOUS GROUSE 1L,1799,2000,3
WILLIAM LAWSON 1L,1638,1900,10
WILLIAM LAWSON 750ML,1400,1600,12
GRANTS 375ML,640,700,0
GRANTS 750ML,1360,2000,8
GRANTS 1L,1450,1700,0
BEST WHISKEY 250ML,291,350,45
BEST WHISKEY 750ML,829,1000,21
COUNTY 250ML,199,240,430
COUNTY 750ML,560,700,41
LIME JUICE 1.5L,231,270,9
JOSECUARVO 700 ML,2500,2700,2
VAT 69 375ML,678,850,9
TEACHERS 750ML,1150,1500,2
4TH STREET 5L,3350,3800,3
FOUR COUSINS  750ML,752,850,29
JAGERMEISTER 1LTR,2850,3400,0
DROSTDY HIOF GRAND CRU 750ML,745,950,17
JAMESON 375ML,981,1100,6
JAMESON 750ML,1900,2200,18
JAMESON 1L,2534,3000,0
SMIRNOFF VODKA 250ML,394,470,26
SMIRNOFF VODKA 350ML,552,650,12
SMIRNOFF VODKA 1L,1584,1800,6
FLIRT 750ML,780,900,5
FLIRT 1L,0,1200,0
LEGEND 750ML,520,600,33
BAILEYS 1L,0,2500,0
ATLAS 12%,220,250,71
CASABUENA 1L,565,750,0
JAGERMEISTER 750ML ,2150,2800,2
CRAZY COCK 250ML,300,350,16
PREDATOR ENERGY DRINK,52.5,70,41
4TH STREET 750ML,730,950,8
V&A 750ML,670,850,13
TUSKER MALT CAN,228.63,260,61
BLACK ICE CANS,164.2,200,55
GUINNESS CAN,203.7,240,198
SAFARI WATER 1 LTR,35,50,51
SNAPP CAN,164.2,200,86
SAVANNA DRY 330ML,192,250,63
WHITE PEARL 250ML,208.33,230,22
TAIFA VODKA 250ML,180,220,2
GRAYSON WHISKY 750ML,600,700,17
BEST CREAM 250ML,315,400,39
AMARULA CREAM 1L,2100,3000,0
BEST GIN 250ML,226,290,81
CELLAR CASK 5L,3200,3800,3
KK 750ML,585.42,660,22
AMARULA 375ML,807,1180,0
PETER HOFF 750ML,0,750,0
CAPRICE 1L,615,780,49
POWER PLAY ENERGY DRINK,52.5,70,186
HEINEKEN BOTTLE 300ML,235,260,68
KING FISHER,171,220,32
V&A 250ML,252,350,106
CRAZY COCK 375ML,400,480,18
LEMONADE,33.34,50,225
MONSTER ENERGY DRINK,179.17,200,4
CHROME VODKA 250ML,198,240,427
BALOZI CAN,186.6,220,160
TUSKER LITE CAN,229.2,260,48
IRISH 350 ML,370,450,0
VICEROY 750ML,1152,1300,19
GUINNESS SMOOTH CAN,186.5,220,0
PILISNER LAGER 500ML CAN,186.6,220,74
WHITE CAP CAN 500ML,203.7,240,104
SWEET BERRY 250ML,125,150,0
TUSKER CIDER CAN,203.7,240,109
SAFARI WATER 500ML,17.5,30,60
DELMONTE JUICE 1L,212,240,50
BAILEYS 375 ML,0,1300,0
KK 250ML,197.92,230,14
TRIPLE ACE 750ML,0,670,0
BEST GIN 750ML,650,800,38
HENNESSY 700ML,4300,4900,3
IDENTITY 250ML,150,180,11
GRAYSON WHISKY 250ML,210,250,237
CLUBMAN 250ML,241,300,25
BEST CREAM 750ML,890,1080,9
KC 750ML,615,720,43
NAPOLEON BRANDY 250ML,212.5,230,60
ALL SEASONS 250ML,322,350,40
AMARULA 750ML,1700,2150,0
ATLAS 14%,225,260,24
ATLAS 16%,235,270,0
BLACK & WHITE 1L,1248,1800,10
BLACK & WHITE 250ML,351,460,18
BLACK BIRD 750ML,700,800,4
BLACK LABEL 375ML,1200,1750,16
BLACK LABEL 1L,3340,3700,3
BOND 7 250ML,394,450,27
BOND 7 375ML,552,670,37
BOND 7 750ML,1143,1380,0
CLUBMAN 750ML,625,780,7
EXTRA ORDINARY 250ML,206,240,13
EXTRA ORDINARY 750ML,602,670,0
FAXE,235,260,149
FLIRT 375ML,393,450,0
FLYING HORSE 250ML,0,130,0
FORTUNE 250ML,0,120,0
FORTUNE 750ML,0,400,0
GENERAL MEAKINS 250ML,208.33,230,19
GENERAL MEAKINS 750ML,556.25,650,5
GOLD SEAL 16%,185,230,0
GOLDEN SYKE 250ML,0,120,0
ICE BERG,0,130,0
IMPERIAL BLUE 375ML,451,500,7
IRIS 375ML,0,450,0
IRIS 750ML,720,850,0
JACK DENIELS 1 LITRE,3990,4500,0
KANE EXTRA 250ML,182,220,41
KANE EXTRA 750ML,492,620,0
KC 250ML,233,280,81
KC 350ML,315,380,24
KIENYEJI 250ML,185.4,230,14
KIENYEJI 750ML,537.5,630,8
MACMOHAN 750ML,880,950,22
MISTRAL FUSION 250ML,0,250,0
MISTRAL FUSION 750ML,0,750,0
MOHANS 750ML,630,650,0
MR DOWELS 250ML,0,270,0
NAPOLEON BRANDY 750ML,585.42,660,60
OAK CASK 700ML,0,850,0
OJ CAN 12%,0,200,0
OJ CAN 16%,203,290,31
OLD SMUGLER 750ML,850,1000,0
OPM VODKA 750ML,0,600,0
ORIGIN 250ML,198,240,91
ORIGIN 750ML,0,650,28
PADDY 750ML,0,1500,0
PENASOL 1L,0,700,0
PEOPLE 250ML,130,160,13
REDBULL,166.7,200,147
RED LABEL 375ML,842,1000,0
ROBERTSON 1.5L,0,1500,0
ROBERTSON 750ML,950,1150,5
ROYAL CIRCLE 1L,950,1050,0
SAFARICANE 250ML,180,200,0
SMART VODKA 250ML,155,180,0
SMIRNOFF GUARANA CAN,164.2,200,177
SMIRNOFF VODKA 750ML,1143,1350,17
SOUTHERN COMFORT 750ML,1900,2200,3
SINGLETON 12 YEARS OLD,0,5000,0
SUPREME VODKA 250ML,190,220,32
TOP SECRET 250ML,239.6,280,0
TOP SECRET 750ML,672.92,780,7
TWO KEYS 750ML,0,1000,0
VAT 69 750ML,1247,1600,9
WHITE PEARL 750ML,537.5,630,44
WILLIAM LAWSON 375ML,723,780,12
DROSTDY HIOF GRAND CRU 5L,3400,3800,2
BALLANTINES 1L,2200,2400,1
SAFARI WHISKEY 750ML,750,850,9
WILLIAM LAWSON CAN,218,250,0
SODA 2LTS,158,170,5
SODA 1.25LTS,100,120,2
SODA 500ML,52,70,19
ALL SEASONS 500ML,625,680,26
NAPOLEON CROWN 750ML,672.92,780,6
SUPREME VODKA 750ML,511,600,0
STAR VODKA 250ML,145,180,0
GUINNESS BOTTLE,185.9,200,151
WHITE CAP BOTTLE,177.04,192,105
TUSKER BOTTLE,168.2,175,102
PILISNER BOTTLE,167.8,175,77
BALOZI BOTTLE,168.2,175,65
TUSKER CIDER BOTTLE,171.2,192,83
ALSOPS BOTTLE,132.9,140,66
BLACK ICE BOTTLE,150.2,155,51
TUSKER LITE BOTTLE,180.2,192,31
TUSKER MALT BOTTLE,180.2,192,51
SNAPP BOTTLE,141.8,150,45
CARIBEAN GIN 250ML,208,230,19
AC BLACK,610,700,12
VAT 69 250ML,440,520,10
HEINEKEN CAN,225,280,83
SAFARI ENERGY DRINK,33.34,50,0
HUNTERS DRY 330ML,155,210,42
HUNTERS GOLD 330ML,155,210,57
CELLA CASK 750ML,800,1050,14
JAMBO VODKA 250ML,150,160,35
MEAKINS VODKA 250ML,163.3,190,23
ROYAL STAG 750ML,883,1000,5
GORDON CAN,167,200,11
SEASONS LEMONADE,30.45,50,18
BEST VODKA 250ML,226,280,24
BLUEMOON 250ML,190,220,56
LEGEND 250ML,190,220,163
FURAHA 250ML,180,210,46
21 CANE 250ML,190,230,0
BAZZU BRANDY 250ML,195,230,23
DESPERADOS BOTTLE,246,280,13
KING FISHER BOTTLE,0,25,0
TANGUERAY DRY GIN 750ML,2280,2800,1